Family,Method,n,recovery error,rank recovery,rank stability,deletion AUC,insertion AUC,surrogate R2
additive,PFCA,24,0.816 (0.311),0.329 (0.519),0.868 (0.337),0.396 (0.122),0.709 (0.065),0.922 (0.049)
additive,SHAP,24,0.430 (0.126),0.921 (0.141),0.514 (0.140),0.312 (0.113),0.975 (0.040),0.970 (0.050)
additive,Bootstrapped SHAP,24,0.401 (0.120),0.938 (0.135),0.514 (0.140),0.307 (0.098),0.964 (0.039),0.932 (0.050)
additive,Grouped SHAP,24,0.430 (0.126),0.921 (0.141),0.868 (0.140),0.236 (0.050),0.816 (0.048),0.805 (0.135)
additive,LIME,24,1.383 (0.116),0.842 (0.167),,0.405 (0.115),0.848 (0.055),0.127 (0.405)
additive,"PFCA, crisp",24,0.587 (0.181),0.854 (0.188),0.988 (0.051),0.303 (0.057),0.727 (0.050),0.926 (0.048)
additive,"PFCA, single class",24,0.784 (0.275),0.416 (0.470),0.898 (0.291),0.383 (0.153),0.728 (0.063),0.930 (0.063)
additive,"PFCA, fixed",24,0.446 (0.200),0.885 (0.156),0.647 (0.315),0.444 (0.148),0.829 (0.096),0.944 (0.037)
additive,"PFCA, a priori",24,0.389 (0.116),0.900 (0.156),0.856 (0.141),0.248 (0.051),0.805 (0.043),0.815 (0.134)
interaction,PFCA,20,0.769 (0.276),0.437 (0.543),0.820 (0.359),0.387 (0.134),0.679 (0.072),0.874 (0.106)
interaction,SHAP,20,0.531 (0.142),0.945 (0.110),0.478 (0.152),0.293 (0.098),0.950 (0.036),0.963 (0.072)
interaction,Bootstrapped SHAP,20,0.486 (0.131),0.940 (0.123),0.478 (0.152),0.287 (0.096),0.939 (0.042),0.887 (0.101)
interaction,Grouped SHAP,20,0.530 (0.142),0.955 (0.094),0.871 (0.152),0.225 (0.078),0.776 (0.048),0.815 (0.193)
interaction,LIME,20,1.375 (0.121),0.890 (0.159),,0.400 (0.092),0.820 (0.051),0.209 (0.295)
interaction,"PFCA, crisp",20,0.595 (0.206),0.884 (0.157),0.982 (0.046),0.273 (0.064),0.706 (0.067),0.880 (0.077)
interaction,"PFCA, single class",20,0.745 (0.248),0.503 (0.472),0.769 (0.363),0.367 (0.157),0.695 (0.079),0.891 (0.105)
interaction,"PFCA, fixed",20,0.520 (0.204),0.901 (0.135),0.602 (0.326),0.439 (0.147),0.796 (0.104),0.910 (0.058)
interaction,"PFCA, a priori",20,0.463 (0.128),0.910 (0.141),0.870 (0.161),0.244 (0.069),0.762 (0.046),0.795 (0.171)
redundancy,PFCA,15,0.699 (0.295),0.548 (0.498),0.986 (0.045),0.359 (0.072),0.724 (0.055),0.909 (0.057)
redundancy,SHAP,15,0.482 (0.129),0.913 (0.151),0.474 (0.119),0.311 (0.107),0.987 (0.045),0.982 (0.033)
redundancy,Bootstrapped SHAP,15,0.433 (0.123),0.920 (0.152),0.474 (0.119),0.286 (0.093),0.974 (0.057),0.915 (0.063)
redundancy,Grouped SHAP,15,0.482 (0.129),0.913 (0.151),0.852 (0.163),0.228 (0.045),0.814 (0.041),0.841 (0.114)
redundancy,LIME,15,1.400 (0.144),0.867 (0.176),,0.413 (0.095),0.855 (0.045),-0.008 (0.485)
redundancy,"PFCA, crisp",15,0.592 (0.162),0.879 (0.173),1.000 (0.000),0.319 (0.057),0.715 (0.051),0.908 (0.052)
redundancy,"PFCA, single class",15,0.675 (0.260),0.646 (0.414),0.852 (0.351),0.385 (0.116),0.717 (0.065),0.926 (0.052)
redundancy,"PFCA, fixed",15,0.481 (0.180),0.801 (0.207),0.627 (0.266),0.380 (0.150),0.849 (0.099),0.931 (0.040)
redundancy,"PFCA, a priori",15,0.416 (0.119),0.907 (0.149),0.846 (0.163),0.243 (0.049),0.800 (0.049),0.832 (0.112)
