,,,mean_support_width,mean_support_width,mean_support_width,mean_core_width,mean_core_width,mean_core_width,relative_support_width,relative_support_width,relative_support_width,relative_core_width,relative_core_width,relative_core_width,mean_sign_confidence,mean_sign_confidence,mean_sign_confidence,mean_disagreement,mean_disagreement,mean_disagreement,fraction_type2,fraction_type2,fraction_type2,matched_overlap,matched_overlap,matched_overlap
,,,mean,std,count,mean,std,count,mean,std,count,mean,std,count,mean,std,count,mean,std,count,mean,std,count,mean,std,count
method,level,matched_subscale,,,,,,,,,,,,,,,,,,,,,,,,
bootstrapped_shap,feature,anxiety,1.9556390778420067,0.5066558807715765,25,0.8183064151475176,0.2275285816518471,25,2.0847690231320026,0.7821880442819428,25,0.8780945595332125,0.35287148458779005,25,0.86,0.07467206081705978,25,,,0,,,0,1.0,0.0,25
bootstrapped_shap,feature,covariates,1.2321174393847105,0.8521313945061835,10,0.47614784526360976,0.3738826788433842,10,7.601550446632085,7.328146253760996,9,2.3568843770422188,2.023186500089895,9,0.71305,0.20568050331629506,10,,,0,,,0,1.0,0.0,10
bootstrapped_shap,feature,rumination,1.4876273250719425,0.30532707240303575,25,0.6163542521585047,0.14940185193746772,25,2.7000438934222233,1.1208518873212132,25,1.1057628534253165,0.4489959350555089,25,0.8724,0.07357578292708365,25,,,0,,,0,1.0,0.0,25
bootstrapped_shap,feature,self_efficacy,1.4846980890063473,0.3269138839540951,25,0.6172642650344209,0.15519630434222914,25,2.3615974986407045,0.6388804515531417,25,0.9723330235683244,0.247059837347736,25,0.8926000000000001,0.05018569683352683,25,,,0,,,0,1.0,0.0,25
bootstrapped_shap,feature,social_support,1.0921054622838495,0.2733813047631558,25,0.41934874311765896,0.12641922499860256,25,5.851735187300912,4.388891294350005,25,2.112404408726143,1.1842600124306624,25,0.7395,0.07464485358460198,25,,,0,,,0,1.0,0.0,25
bootstrapped_shap_by_subscale,subscale,anxiety,4.2883825102704645,0.29578608913472754,5,1.8098583382352103,0.13327124840313492,5,0.8251426456571698,0.08870420102424009,5,0.3477343988997901,0.0323141779460827,5,0.9305999999999999,0.017144241015571406,5,,,0,,,0,1.0,0.0,5
bootstrapped_shap_by_subscale,subscale,covariates,2.0812021093704325,0.229039487960962,5,0.8513165853326304,0.07778281389469606,5,2.106177451691332,0.5087360576623526,5,0.8608510669544304,0.1980528877267039,5,0.8747,0.03904580643295773,5,,,0,,,0,1.0,0.0,5
bootstrapped_shap_by_subscale,subscale,rumination,3.032973193299141,0.07784138585066827,5,1.3027080088986343,0.0428150895251333,5,1.1057573075846352,0.11763582767629281,5,0.4752425407336881,0.05446565218783146,5,0.9214,0.01482986850919457,5,,,0,,,0,1.0,0.0,5
bootstrapped_shap_by_subscale,subscale,self_efficacy,3.7944147135389876,0.21051354310205378,5,1.6831991377053168,0.053413286718285186,5,1.4174113445278453,0.21940359117889469,5,0.6289143393471517,0.09734449285737053,5,0.9054,0.02940535665486815,5,,,0,,,0,1.0,0.0,5
bootstrapped_shap_by_subscale,subscale,social_support,2.8483625336933542,0.34115883901842986,5,1.2103914967402059,0.13508167574696642,5,2.5503887861775967,0.48264544311376983,5,1.087398480028676,0.22520679441137667,5,0.7905,0.04747499341758772,5,,,0,,,0,1.0,0.0,5
pfca,concept,anxiety,6.433882119802654,1.256556859008755,4,2.6919670520096943,0.5542792243906078,4,1.2779294059657138,0.29020483222593624,4,0.5341765765155909,0.12332251838231893,4,0.9033125000000001,0.014708805469287246,4,0.11045897250867368,0.03553566479014297,4,0.0125,0.015000000000000001,4,0.5541508592637021,0.30687583372696836,4
pfca,concept,rumination,3.6268029044035406,0.9427777466680759,4,1.483591467026713,0.33816492375933555,4,1.354622363677153,0.22537620955623613,4,0.5551825342639094,0.07730397799935815,4,0.9073125,0.011836340580320138,4,0.114652831332957,0.010802582736711646,4,0.02,0.00816496580927726,4,0.8648970610284683,0.25210959978186165,4
pfca,concept,self_efficacy,6.758631160576666,1.372745367658407,2,2.7959343392861653,0.6417692099081559,2,2.0673772792480936,0.7194203483306706,2,0.8488810534543398,0.2737197019726703,2,0.8693750000000001,0.038714096269963534,2,0.14589269067578087,0.03019123722240565,2,0.05500000000000001,0.021213203435596427,2,0.35662517041428243,0.0863034284374214,2
pfca,concept,social_support,5.884660867613856,,1,2.522836650602523,,1,1.9452298646716832,,1,0.8339473262509733,,1,0.8875,,1,0.1896348767172801,,1,0.04,,1,0.4132502069754349,,1
