Factor,Setting,n,recovery error,rank stability,support coverage,distinct front size,relative quantile MAD to largest B,front recovery,label sign agreement
resamples,B10,4,1.158 (0.094),1.000 (0.000),0.379 (0.024),13.500 (5.196),0.136 (0.011),,1.000 (0.000)
resamples,B20,4,1.154 (0.091),1.000 (0.000),0.431 (0.020),18.500 (7.594),0.080 (0.005),,1.000 (0.000)
resamples,B50,4,1.154 (0.090),1.000 (0.000),0.436 (0.023),17.250 (6.850),0.000 (0.000),,1.000 (0.000)
model_classes,M1,4,1.096 (0.116),1.000 (0.000),0.429 (0.051),13.250 (3.500),,,1.000 (0.000)
model_classes,M2,4,1.154 (0.090),1.000 (0.000),0.436 (0.023),17.250 (6.850),,,1.000 (0.000)
model_classes,M3,4,1.095 (0.189),0.817 (0.215),0.467 (0.071),20.750 (5.377),,,1.000 (0.000)
shape,trapezoidal,4,1.154 (0.090),1.000 (0.000),0.436 (0.023),17.250 (6.850),,,1.000 (0.000)
shape,triangular,4,1.154 (0.090),1.000 (0.000),0.436 (0.023),17.250 (6.850),,,1.000 (0.000)
percentiles,s5-95_c25-75,4,1.154 (0.090),1.000 (0.000),0.436 (0.023),17.250 (6.850),,,1.000 (0.000)
percentiles,s2.5-97.5_c25-75,4,1.157 (0.088),1.000 (0.000),0.512 (0.025),17.250 (6.850),,,1.000 (0.000)
percentiles,s10-90_c30-70,4,1.153 (0.089),1.000 (0.000),0.355 (0.027),17.250 (6.850),,,1.000 (0.000)
distance,correlation,4,1.154 (0.090),1.000 (0.000),0.436 (0.023),17.250 (6.850),,,1.000 (0.000)
distance,loading,4,0.975 (0.279),0.706 (0.335),0.544 (0.091),14.000 (2.582),,,1.000 (0.000)
solver,grid,4,1.154 (0.090),1.000 (0.000),0.436 (0.023),17.250 (6.850),,,1.000 (0.000)
solver,nsga2,4,1.154 (0.090),1.000 (0.000),0.436 (0.023),17.750 (7.274),,0.988 (0.024),1.000 (0.000)
knee,utopia,4,1.154 (0.090),1.000 (0.000),0.436 (0.023),17.250 (6.850),,,1.000 (0.000)
knee,hyperplane,4,0.642 (0.343),0.833 (0.137),0.606 (0.109),17.250 (6.850),,,1.000 (0.000)
knee,sparsest_within_10pct,4,0.718 (0.314),0.827 (0.102),0.599 (0.191),,,,1.000 (0.000)
knee,median_complexity,4,1.000 (0.058),0.809 (0.122),0.523 (0.018),,,,1.000 (0.000)
labels,default,4,1.154 (0.090),1.000 (0.000),0.436 (0.023),17.250 (6.850),,,1.000 (0.000)
labels,narrow,4,1.154 (0.090),1.000 (0.000),0.436 (0.023),17.250 (6.850),,,0.836 (0.017)
labels,wide,4,1.154 (0.090),1.000 (0.000),0.436 (0.023),17.250 (6.850),,,0.875 (0.050)
labels,three_labels,4,1.154 (0.090),1.000 (0.000),0.436 (0.023),17.250 (6.850),,,1.000 (0.000)
