Criterion,Phase,Quantity,PFCA,Reference,Effect or p,Status
1,"A, redundancy family",recovery error,0.760,0.435,1.068 (Cohen d),not met
1,"A, redundancy family",rank stability,0.950,0.481,2.050 (Cohen d),met
2,B,deletion auc,0.639,0.814,,met
2,B,insertion auc,0.765,0.992,,not met
2,B,surrogate r2,0.970,1.000,,not met
3,A,support coverage truth,0.593,0.900,,not met
3,A,core coverage truth,0.284,0.500,,not met
3,A,support coverage replicate,0.703,0.900,,not met
3,A,core coverage replicate,0.349,0.500,,not met
3,B,support coverage replicate,0.810,0.900,,not met
3,B,core coverage replicate,0.444,0.500,,not met
